Job ID,Job URL,Job Title,Company Name,Status,Timestamp,WP ID
c286c5605ad7b120,https://tm.linkedin.com/jobs/view/funded-traineeship-for-young-graduates-at-the-eu-delegation-to-turkmenistan-at-eubam-libya-4437111920,Funded traineeship for young graduates at the EU Delegation to Turkmenistan,,scraped,2026-07-07T02:19:55.563594,
fb29f57667b94f91,https://tm.linkedin.com/jobs/view/customer-service-agent-merchant-team-at-binance-4427478958,Customer Service Agent - Merchant Team,Binance,posted,2026-07-07T02:20:17.117960,20
46f15fba6780a21a,https://tm.linkedin.com/jobs/view/second-officer-mate-at-dragon-oil-4436335192,Second Officer/Mate,Dragon Oil,posted,2026-07-07T02:20:30.799475,22
6be2d32676fa6ffa,https://tm.linkedin.com/jobs/view/project-coordinator-software-development-at-pls-4436707343,Project Coordinator (Software Development),PLS,posted,2026-07-07T02:20:45.940413,24
3d577b2157747533,https://tm.linkedin.com/jobs/view/engineering-manager-software-engineering-at-frontline-data-solutions-4435331173,"Engineering Manager, Software Engineering",,scraped,2026-07-07T02:20:48.565552,
a96fea3a5fc3b458,https://tm.linkedin.com/jobs/view/operationist-clerk%E2%80%93-international-logistics-central-asia-europe-and-russia-at-hazar-logistics-yiwu-co-ltd-china-branch-4433923301,"Operationist Clerk– International Logistics (Central Asia, Europe, and Russia)",,scraped,2026-07-07T02:21:09.432320,
f775744ba8c0b9bf,https://tm.linkedin.com/jobs/view/senior-training-and-capacity-development-expert-at-ntu-international-a-s-4434974412,Senior Training and Capacity Development Expert,,scraped,2026-07-07T02:21:17.580710,
f8230529b23d954a,https://tm.linkedin.com/jobs/view/sales-manager-4432314946,Sales manager,Gatnashyk Travel,posted,2026-07-07T02:21:29.606634,26
6407ad1b8bd6063b,https://tm.linkedin.com/jobs/view/senior-agri-food-logistics-cold-chain-expert-at-ntu-international-a-s-4436708195,Senior Agri-Food Logistics / Cold Chain Expert,,scraped,2026-07-07T02:21:32.290932,
6b43154b4b94cc7e,https://tm.linkedin.com/jobs/view/regional-marketing-manager-at-xm-4432328676,Regional Marketing Manager,XM,posted,2026-07-07T02:21:50.116124,28
974c5e85d916437c,https://tm.linkedin.com/jobs/view/biomedical-engineer-at-yshgyn-individual-enterprise-4434517270,Biomedical Engineer,Yshgyn Individual Enterprise,posted,2026-07-07T12:17:14.323135,30
8cf6b8a308643822,https://tm.linkedin.com/jobs/view/senior-value-chain-development-expert-at-ntu-international-a-s-4436379556,Senior Value Chain Development Expert,,scraped,2026-07-07T12:17:24.826150,
9827783496e0bde1,https://tm.linkedin.com/jobs/view/data-focused-project-coordinator-remote-contract-at-infuse-4437776794,"Data-Focused Project Coordinator (Remote, Contract)",INFUSE,posted,2026-07-07T20:32:24.262969,32
cf3a3be0b8d687bc,https://tm.linkedin.com/jobs/view/fire-vehicle-driver-at-dragon-oil-4438207587,Fire Vehicle Driver,Dragon Oil,posted,2026-07-08T13:19:40.445782,44
6aa2634d5f06a7f8,https://tm.linkedin.com/jobs/view/product-and-funnel-optimisation-manager-cis-at-binance-4434688323,Product and Funnel Optimisation Manager - CIS,Binance,posted,2026-07-08T13:19:52.284310,46
107b04be70cbbe0f,https://tm.linkedin.com/jobs/view/global-affiliate-manager-at-binance-4435233144,Global Affiliate Manager,Binance,posted,2026-07-08T13:20:01.685441,48
f399dc92841da3a1,https://tm.linkedin.com/jobs/view/senior-survey-methodology-expert-at-ntu-international-a-s-4437830049,Senior Survey Methodology Expert,,scraped,2026-07-08T13:20:06.323349,
d071f59eada1950b,https://tm.linkedin.com/jobs/view/national-consultant-on-development-and-piloting-of-ecd-parenting-support-training-package-for-primary-health-care-services-and-pre-primary-education-facilities-at-unicef-4436303955,National Consultant on Development and Piloting of ECD Parenting Support Training Package for Primary Health Care Services and Pre-Primary Education Facilities,UNICEF,posted,2026-07-08T13:20:23.841313,50
155f185ff49b279d,https://tm.linkedin.com/jobs/view/national-consultant-on-conducting-analysis-of-existing-materials-on-health-and-gender-and-revision-of-the-teachers-manual-at-international-civil-aviation-organization-4438146995,National consultant on conducting analysis of existing materials on health and gender and revision of the teachers manual,International Civil Aviation Organization,posted,2026-07-08T13:20:38.363855,52
c0eb9314464c41cb,https://tm.linkedin.com/jobs/view/marketing-manager-cis-at-binance-4409304605,Marketing Manager - CIS,Binance,posted,2026-07-08T18:56:23.026564,54
383316e58ef938fc,https://tm.linkedin.com/jobs/view/international-consultant-on-adoption-of-breast-cancer-treatment-clinical-protocols-and-development-of-compliance-monitoring-indicators-at-international-civil-aviation-organization-4438147966,International consultant on adoption of breast cancer treatment clinical protocols and development of compliance monitoring indicators,,scraped,2026-07-09T18:27:14.008196,
14d5ff70161ea4b0,https://tm.linkedin.com/jobs/view/senior-agricultural-statistics-expert-at-ntu-international-a-s-4437770430,Senior Agricultural Statistics Expert,,scraped,2026-07-10T10:41:36.931578,
c74f7e8b2346ba13,https://tm.linkedin.com/jobs/view/python-developer-at-degreplast-4436680401,Python Developer,Degreplast,posted,2026-07-11T15:34:02.274182,56
a92891b3168ce987,https://tm.linkedin.com/jobs/view/hr-manager-turkmenistan-at-dragon-oil-4440010977,HR Manager - Turkmenistan,Dragon Oil,posted,2026-07-13T18:24:28.470142,58
329cd2012ea7f868,https://tm.linkedin.com/jobs/view/%D0%BC%D0%B5%D0%BD%D0%B5%D0%B4%D0%B6%D0%B5%D1%80-%D0%BF%D0%BE-%D0%BF%D1%80%D0%BE%D0%B4%D0%B0%D0%B6%D0%B0%D0%BC-%D0%BD%D0%B5%D1%84%D1%82%D0%B5%D0%B3%D0%B0%D0%B7%D0%BE%D0%B2%D0%BE%D0%B3%D0%BE-%D0%BE%D0%B1%D0%BE%D1%80%D1%83%D0%B4%D0%BE%D0%B2%D0%B0%D0%BD%D0%B8%D1%8F-%D0%B3%D0%B5%D0%BD%D0%B5%D1%80%D0%B0%D1%82%D0%BE%D1%80%D0%BD%D1%8B%D1%85-%D1%83%D1%81%D1%82%D0%B0%D0%BD%D0%BE%D0%B2%D0%BE%D0%BA-at-jereh-group-4439771341,Менеджер по продажам нефтегазового оборудования / генераторных установок,,scraped,2026-07-13T18:24:33.001536,
aebe551f0d2de078,https://tm.linkedin.com/jobs/view/inspection-ndt-rbi-and-fitness-for-service-api-579-instructors-at-iss-international-spa-4440060260,"Inspection, NDT, RBI and Fitness for service (API 579) Instructors",,scraped,2026-07-13T18:24:47.029905,
e41571548435c28e,https://tm.linkedin.com/jobs/view/senior-project-manager-remote-contract-at-infuse-4441643256,"Senior Project Manager (Remote, Contract)",INFUSE,posted,2026-07-20T19:13:04.771006,60
a6f32a5ef8cb57f5,https://tm.linkedin.com/jobs/view/senior-product-manager-remote-contract-at-infuse-4441612510,"Senior Product Manager (Remote, Contract)",INFUSE,posted,2026-07-20T19:13:13.385038,62
e5aebd3f03c1a551,https://tm.linkedin.com/jobs/view/construction-supervisor-ii-offshore-at-dragon-oil-4438469448,Construction Supervisor II (Offshore),,scraped,2026-07-20T19:13:16.014568,
df99a04abc99cbc7,https://tm.linkedin.com/jobs/view/network-engineer-office-infrastructure-at-freedom24-4442147546,Network Engineer (Office Infrastructure),,scraped,2026-07-20T19:13:29.001329,
4c0d6178fb81a68d,https://tm.linkedin.com/jobs/view/project-manager-at-afg-%C3%A7elik-yap%C4%B1-ve-kimya-4441942339,Project Manager,,scraped,2026-07-20T19:13:35.436286,
2089e54f38493bc6,https://tm.linkedin.com/jobs/view/jr-counsellor-at-seed-global-education-4442732607,Jr. Counsellor,,scraped,2026-07-20T19:13:42.451686,
876ec25a37c615cb,https://tm.linkedin.com/jobs/view/mont%C3%A9r-ka-at-mercon-4442417848,Montér/ka,,scraped,2026-07-20T19:13:50.895422,
1992e9da517f6ddd,https://tm.linkedin.com/jobs/view/react-next-js-front-end-developer-at-frontline-data-solutions-4442725901,React/Next.JS Front-End Developer,Frontline Data Solutions,posted,2026-07-20T19:14:03.456749,64
bdb9b3d3d5dae405,https://tm.linkedin.com/jobs/view/senior-well-intervention-engineer-i-at-dragon-oil-4441966952,Senior Well Intervention Engineer I,,scraped,2026-07-20T19:14:05.986431,
04a4b95fab455cda,https://tm.linkedin.com/jobs/view/senior-consultant-technology-at-meksys-4442736382,Senior Consultant Technology,Meksys,posted,2026-07-20T19:14:21.171669,66
95ea69b9b9acb07b,https://tm.linkedin.com/jobs/view/data-engineer-%E2%80%93-mva-inference-audience-development-remote-global-at-reliance-automated-verified-leads-llc-4442745066,"Data Engineer – MVA Inference & Audience Development (Remote, Global)","Reliance Automated Verified Leads, LLC",posted,2026-07-20T19:14:28.636545,68
30d6dd02205e4e14,https://tm.linkedin.com/jobs/view/dashboard-developer-at-pls-4442725833,Dashboard Developer,PLS,posted,2026-07-20T19:14:36.390606,70
0c81a47362a3d48f,https://tm.linkedin.com/jobs/view/ui-ux-designer-at-gerekli-hyzmat-4439231075,UI/UX Designer,Gerekli Hyzmat,posted,2026-07-20T19:14:45.275080,72
8da423e9ead7199c,https://tm.linkedin.com/jobs/view/php-developer-at-btab-group-4442732559,PHP Developer,,scraped,2026-07-20T19:14:47.790525,
927c1ed893135c17,https://tm.linkedin.com/jobs/view/turkmen-speakers-at-lilt-ai-4438441854,Turkmen Speakers,LILT AI,posted,2026-07-20T19:14:59.232853,74
567cb72e994cf3ee,https://tm.linkedin.com/jobs/view/project-manager-open-to-internal-and-external-applicants-at-undp-careers-4443545669,Project Manager [Open to internal and external applicants],UNDP Careers,posted,2026-07-27T18:14:21.665748,76
75f0912edd9a3b9c,https://tm.linkedin.com/jobs/view/hse-training-officer-i-at-dragon-oil-4443373066,HSE Training Officer I,Dragon Oil,posted,2026-07-27T18:15:08.527090,78
4d95e8e7697ca221,https://tm.linkedin.com/jobs/view/production-ai-innovation-lead-contract-remote-at-infuse-4445222450,"Production AI Innovation Lead (Contract, Remote)",INFUSE,posted,2026-07-27T18:15:17.766732,80
5e23dc4cfe9dd82b,https://tm.linkedin.com/jobs/view/net-developer-at-thomsun-infocare-llp-4443556023,.Net Developer,,scraped,2026-07-27T18:15:20.252314,
e84269d7b28294b3,https://tm.linkedin.com/jobs/view/assistant-at-senetli-industry-economic-society-4442825070,Assistant,"""Senetli Industry"" Economic Society",posted,2026-07-27T18:15:35.261261,82
b9e163fe7428f063,https://tm.linkedin.com/jobs/view/conseil-en-restauration-collective-at-ytera-4441015552,Conseil en restauration collective,,scraped,2026-07-27T18:15:37.630832,
ab2094c9c7acba70,https://tm.linkedin.com/jobs/view/%D0%BC%D0%B5%D0%BD%D0%B5%D0%B4%D0%B6%D0%B5%D1%80-%D0%BF%D0%BE-%D0%BB%D0%BE%D0%B3%D0%B8%D1%81%D1%82%D0%B8%D0%BA%D0%B5-at-turkmen-expo-4445303935,Менеджер по логистике,Turkmen Expo,failed|wp_post_failed,2026-07-27T18:15:49.962720,
550df3c8f91ddbc8,https://tm.linkedin.com/jobs/view/profusion-chat-20kg-at-quali-qroc-ouest-4443499706,Profusion chat 20kg,QUALI QROC OUEST,posted,2026-07-27T18:15:59.309499,84
20d819a4d4723a22,https://tm.linkedin.com/jobs/view/russian-interpreter-turkmenistan-at-propio-language-services-4441073822,Russian Interpreter Turkmenistan,Propio Language Services,posted,2026-07-27T18:16:08.511153,86
32883a10fe20f8a1,https://tm.linkedin.com/jobs/view/profusion-chat-st%C3%A9rilis%C3%A9-4kg-at-quali-qroc-ouest-4443813614,Profusion chat stérilisé 4kg,QUALI QROC OUEST,posted,2026-07-27T18:16:17.617187,88
bee292927d7acba8,https://tm.linkedin.com/jobs/view/i%CC%87n%C5%9Faat-sat%C4%B1nalma-sorumlusu-4442849496,İnşaat Satınalma Sorumlusu,Melport,posted,2026-07-27T18:16:24.604200,90
ff639b0029ea2317,https://tm.linkedin.com/jobs/view/profusion-chat-premium-4kg-at-quali-qroc-ouest-4443499707,Profusion Chat Premium 4kg,QUALI QROC OUEST,posted,2026-07-27T18:16:37.129933,92
04c867c46247dc7c,https://tm.linkedin.com/jobs/view/regional-growth-manager-cis-at-binance-4434693211,Regional Growth Manager - CIS,Binance,posted,2026-07-27T18:16:46.152810,94
cfb125170aceb681,https://tm.linkedin.com/jobs/view/data-focused-project-coordinator-remote-contract-at-infuse-4447200581,"Data-Focused Project Coordinator (Remote, Contract)",INFUSE,posted,2026-08-03T18:58:43.239695,32
b521561ae175cdb4,https://tm.linkedin.com/jobs/view/administration-assistant-at-dragon-oil-4447262488,Administration Assistant,Dragon Oil,posted,2026-08-03T18:58:56.043107,96
bd2da14654d0a162,https://tm.linkedin.com/jobs/view/senior-project-manager-remote-contract-at-infuse-4446859511,"Senior Project Manager (Remote, Contract)",INFUSE,posted,2026-08-03T18:59:00.803778,60
4c070174efc4eee9,https://tm.linkedin.com/jobs/view/senior-product-manager-remote-contract-at-infuse-4447214896,"Senior Product Manager (Remote, Contract)",INFUSE,posted,2026-08-03T18:59:05.452556,62
e11875d52024e788,https://tm.linkedin.com/jobs/view/training-coordinator-ii-at-dragon-oil-4443223980,Training Coordinator II,Dragon Oil,posted,2026-08-03T18:59:18.040611,98
770e066c7ba9ed7c,https://tm.linkedin.com/jobs/view/project-analyst-on-legal-social-gender-issues-open-to-internal-and-external-applicants-at-undp-careers-4447008523,"Project Analyst on Legal, Social, Gender issues [Open to internal and external applicants]",UNDP Careers,posted,2026-08-03T18:59:27.057726,100
d557301b4d71f7ff,https://tm.linkedin.com/jobs/view/project-manager-international-logistics-at-dort-tarap-logistika-dtl-4445882487,Project Manager (International Logistics),Dort Tarap Logistika (DTL),posted,2026-08-03T18:59:39.418882,102
2c9022c4b7cd6050,https://tm.linkedin.com/jobs/view/national-consultancy-to-provide-technical-assistance-on-developing-sops-on-heatwaves-sandstorms-and-revision-of-teacher%E2%80%99s-manual-%E2%80%9Cbasics-of-life-skills%E2%80%9D-at-unicef-4447546744,"National consultancy to provide technical assistance on developing SOPs on heatwaves, sandstorms, and revision of teacher’s manual “Basics of Life Skills”.",UNICEF,posted,2026-08-03T18:59:48.134453,104
124026f26be3d7ba,https://tm.linkedin.com/jobs/view/junior-export-consultant-at-export-hyzmat-4447886850,Junior Export Consultant,,scraped,2026-08-03T18:59:50.592741,
7dab76e30b8e4ae2,https://tm.linkedin.com/jobs/view/dedicated-server-provisioning-engineer-at-ultahost-4446066644,Dedicated Server Provisioning Engineer,UltaHost,posted,2026-08-03T19:00:04.716667,106
51fa9512d0e9b5bf,https://tm.linkedin.com/jobs/view/the-collective-voice-archival-coordinator-at-spaces-at-uc-san-diego-4451062022,The Collective Voice Archival Coordinator,SPACES at UC San Diego,posted,2026-08-10T15:44:53.735515,108
ed3aa52ba029a2dd,https://tm.linkedin.com/jobs/view/directeur-d%E2%80%99etablissement-h-f-at-%C3%A9cole-pratique-de-service-social-epss-4450065390,Directeur d’Etablissement (H/F),,scraped,2026-08-10T15:44:56.132753,
9a2e54f6a2682344,https://tm.linkedin.com/jobs/view/operations-placement-manager-4451520315,Operations & Placement Manager,Nusga Consulting,posted,2026-08-10T15:45:11.180764,110
82e29e0f0554fda9,https://tm.linkedin.com/jobs/view/travailleur-social-h-f-at-%C3%A9cole-pratique-de-service-social-epss-4450077149,Travailleur Social (H/F),,scraped,2026-08-10T15:45:13.560400,
12fe5cfc4c30a6c0,https://tm.linkedin.com/jobs/view/patentov%C3%A1-aktivita-v-%C4%8Desku-slab%C3%A9-m%C3%ADsto-inova%C4%8Dn%C3%AD-v%C3%BDkonnosti-at-stratin-strategick%C3%A1-inteligence-pro-v%C3%BDzkum-a-inovace-4449107438,Patentová aktivita v Česku: slabé místo inovační výkonnosti,STRATIN - Strategická inteligence pro výzkum a inovace,posted,2026-08-10T15:46:35.907774,112
54b853fb630bf603,https://tm.linkedin.com/jobs/view/doctor-ii-offshore-at-dragon-oil-4448772888,Doctor II (Offshore),Dragon Oil,posted,2026-08-10T15:47:54.255895,114
e622a64f3f3d589c,https://tm.linkedin.com/jobs/view/lab-chemical-supervisor-i-offshore-at-dragon-oil-4451397336,Lab Chemical Supervisor I (Offshore),Dragon Oil,posted,2026-08-10T15:48:08.361289,116
cb36efa0be06023c,https://tm.linkedin.com/jobs/view/national-consultant-ecd-parenting-support-training-package-unicef-turkmenistan-at-psydin-4449676468,National Consultant - ECD Parenting Support Training Package - UNICEF Turkmenistan,PsyDin,posted,2026-08-10T15:48:18.144580,118
a0b9cb12074ec0f1,https://tm.linkedin.com/jobs/view/balkan-masal%C4%B1-turu-ajet-ile-6-%C3%BClke-vizesiz-ekstra-turlar-dahil-7-gece-otel-konaklamal%C4%B1-i%CC%87stanbul-at-dgntravel-com-4449426517,Balkan Masalı Turu AJet ile 6 Ülke Vizesiz Ekstra Turlar Dahil / 7 Gece Otel Konaklamalı / İstanbul...,,scraped,2026-08-10T15:48:20.531195,
ba7f8db404274442,https://tm.linkedin.com/jobs/view/workshop-na-t%C3%A9ma-%E2%80%9Epodpora-kari%C3%A9rn%C3%ADho-r%C5%AFstu-ve-v%C3%BDzkumn%C3%BDch-organizac%C3%ADch%E2%80%9C-at-stratin-strategick%C3%A1-inteligence-pro-v%C3%BDzkum-a-inovace-4449119216,Workshop na téma „Podpora kariérního růstu ve výzkumných organizacích“,STRATIN - Strategická inteligence pro výzkum a inovace,posted,2026-08-10T15:49:40.037245,120
